code,name,kind,sido,cluster,cluster_tag,cluster_jaccard
11110,종로구,구,서울특별시,C1,혼합·고밀·중령·침수이력↑,0.61
11140,중구,구,서울특별시,C3,혼합·고밀·젊음,0.64
11170,용산구,구,서울특별시,C1,혼합·고밀·중령·침수이력↑,0.61
11200,성동구,구,서울특별시,C3,혼합·고밀·젊음,0.64
11215,광진구,구,서울특별시,C3,혼합·고밀·젊음,0.64
11230,동대문구,구,서울특별시,C3,혼합·고밀·젊음,0.64
11260,중랑구,구,서울특별시,C3,혼합·고밀·젊음,0.64
11290,성북구,구,서울특별시,C3,혼합·고밀·젊음,0.64
11305,강북구,구,서울특별시,C3,혼합·고밀·젊음,0.64
11320,도봉구,구,서울특별시,C3,혼합·고밀·젊음,0.64
11350,노원구,구,서울특별시,C3,혼합·고밀·젊음,0.64
11380,은평구,구,서울특별시,C1,혼합·고밀·중령·침수이력↑,0.61
11410,서대문구,구,서울특별시,C3,혼합·고밀·젊음,0.64
11440,마포구,구,서울특별시,C3,혼합·고밀·젊음,0.64
11470,양천구,구,서울특별시,C1,혼합·고밀·중령·침수이력↑,0.61
11500,강서구,구,서울특별시,C1,혼합·고밀·중령·침수이력↑,0.61
11530,구로구,구,서울특별시,C3,혼합·고밀·젊음,0.64
11545,금천구,구,서울특별시,C1,혼합·고밀·중령·침수이력↑,0.61
11560,영등포구,구,서울특별시,C3,혼합·고밀·젊음,0.64
11590,동작구,구,서울특별시,C3,혼합·고밀·젊음,0.64
11620,관악구,구,서울특별시,C3,혼합·고밀·젊음,0.64
11650,서초구,구,서울특별시,C1,혼합·고밀·중령·침수이력↑,0.61
11680,강남구,구,서울특별시,C3,혼합·고밀·젊음,0.64
11710,송파구,구,서울특별시,C3,혼합·고밀·젊음,0.64
11740,강동구,구,서울특별시,C1,혼합·고밀·중령·침수이력↑,0.61
12110,목포시,시,전남광주통합특별시,C1,혼합·고밀·중령·침수이력↑,0.61
12130,여수시,시,전남광주통합특별시,C0,해안·저밀·고령,0.75
12150,순천시,시,전남광주통합특별시,C2,혼합·중밀·중령·산지,0.58
12170,나주시,시,전남광주통합특별시,C2,혼합·중밀·중령·산지,0.58
12190,광양시,시,전남광주통합특별시,C2,혼합·중밀·중령·산지,0.58
12210,동구,구,전남광주통합특별시,C2,혼합·중밀·중령·산지,0.58
12240,서구,구,전남광주통합특별시,C1,혼합·고밀·중령·침수이력↑,0.61
12270,남구,구,전남광주통합특별시,C1,혼합·고밀·중령·침수이력↑,0.61
12300,북구,구,전남광주통합특별시,C2,혼합·중밀·중령·산지,0.58
12330,광산구,구,전남광주통합특별시,C1,혼합·고밀·중령·침수이력↑,0.61
12710,담양군,군,전남광주통합특별시,C4,내륙·저밀·고령·산지,0.88
12720,곡성군,군,전남광주통합특별시,C4,내륙·저밀·고령·산지,0.88
12730,구례군,군,전남광주통합특별시,C4,내륙·저밀·고령·산지,0.88
12740,고흥군,군,전남광주통합특별시,C0,해안·저밀·고령,0.75
12750,보성군,군,전남광주통합특별시,C0,해안·저밀·고령,0.75
12760,화순군,군,전남광주통합특별시,C4,내륙·저밀·고령·산지,0.88
12770,장흥군,군,전남광주통합특별시,C0,해안·저밀·고령,0.75
12780,강진군,군,전남광주통합특별시,C0,해안·저밀·고령,0.75
12790,해남군,군,전남광주통합특별시,C0,해안·저밀·고령,0.75
12800,영암군,군,전남광주통합특별시,C0,해안·저밀·고령,0.75
12810,무안군,군,전남광주통합특별시,C0,해안·저밀·고령,0.75
12820,함평군,군,전남광주통합특별시,C0,해안·저밀·고령,0.75
12830,영광군,군,전남광주통합특별시,C0,해안·저밀·고령,0.75
12840,장성군,군,전남광주통합특별시,C4,내륙·저밀·고령·산지,0.88
12850,완도군,군,전남광주통합특별시,C0,해안·저밀·고령,0.75
12860,진도군,군,전남광주통합특별시,C0,해안·저밀·고령,0.75
12870,신안군,군,전남광주통합특별시,C0,해안·저밀·고령,0.75
26110,중구,구,부산광역시,C3,혼합·고밀·젊음,0.64
26140,서구,구,부산광역시,C1,혼합·고밀·중령·침수이력↑,0.61
26170,동구,구,부산광역시,C1,혼합·고밀·중령·침수이력↑,0.61
26200,영도구,구,부산광역시,C1,혼합·고밀·중령·침수이력↑,0.61
26230,부산진구,구,부산광역시,C1,혼합·고밀·중령·침수이력↑,0.61
26260,동래구,구,부산광역시,C1,혼합·고밀·중령·침수이력↑,0.61
26290,남구,구,부산광역시,C1,혼합·고밀·중령·침수이력↑,0.61
26320,북구,구,부산광역시,C1,혼합·고밀·중령·침수이력↑,0.61
26350,해운대구,구,부산광역시,C1,혼합·고밀·중령·침수이력↑,0.61
26380,사하구,구,부산광역시,C1,혼합·고밀·중령·침수이력↑,0.61
26410,금정구,구,부산광역시,C3,혼합·고밀·젊음,0.64
26440,강서구,구,부산광역시,C1,혼합·고밀·중령·침수이력↑,0.61
26470,연제구,구,부산광역시,C1,혼합·고밀·중령·침수이력↑,0.61
26500,수영구,구,부산광역시,C1,혼합·고밀·중령·침수이력↑,0.61
26530,사상구,구,부산광역시,C1,혼합·고밀·중령·침수이력↑,0.61
26710,기장군,군,부산광역시,C1,혼합·고밀·중령·침수이력↑,0.61
27110,중구,구,대구광역시,C3,혼합·고밀·젊음,0.64
27140,동구,구,대구광역시,C2,혼합·중밀·중령·산지,0.58
27170,서구,구,대구광역시,C1,혼합·고밀·중령·침수이력↑,0.61
27200,남구,구,대구광역시,C3,혼합·고밀·젊음,0.64
27230,북구,구,대구광역시,C1,혼합·고밀·중령·침수이력↑,0.61
27260,수성구,구,대구광역시,C3,혼합·고밀·젊음,0.64
27290,달서구,구,대구광역시,C3,혼합·고밀·젊음,0.64
27710,달성군,군,대구광역시,C2,혼합·중밀·중령·산지,0.58
27720,군위군,군,대구광역시,C4,내륙·저밀·고령·산지,0.88
28125,제물포구,구,인천광역시,C0,해안·저밀·고령,0.75
28155,영종구,구,인천광역시,C3,혼합·고밀·젊음,0.64
28177,미추홀구,구,인천광역시,C1,혼합·고밀·중령·침수이력↑,0.61
28185,연수구,구,인천광역시,C3,혼합·고밀·젊음,0.64
28200,남동구,구,인천광역시,C1,혼합·고밀·중령·침수이력↑,0.61
28237,부평구,구,인천광역시,C1,혼합·고밀·중령·침수이력↑,0.61
28245,계양구,구,인천광역시,C3,혼합·고밀·젊음,0.64
28275,서해구,구,인천광역시,C3,혼합·고밀·젊음,0.64
28290,검단구,구,인천광역시,C3,혼합·고밀·젊음,0.64
28710,강화군,군,인천광역시,C0,해안·저밀·고령,0.75
28720,옹진군,군,인천광역시,C0,해안·저밀·고령,0.75
30110,동구,구,대전광역시,C2,혼합·중밀·중령·산지,0.58
30140,중구,구,대전광역시,C2,혼합·중밀·중령·산지,0.58
30170,서구,구,대전광역시,C3,혼합·고밀·젊음,0.64
30200,유성구,구,대전광역시,C3,혼합·고밀·젊음,0.64
30230,대덕구,구,대전광역시,C3,혼합·고밀·젊음,0.64
31110,중구,구,울산광역시,C1,혼합·고밀·중령·침수이력↑,0.61
31140,남구,구,울산광역시,C1,혼합·고밀·중령·침수이력↑,0.61
31170,동구,구,울산광역시,C1,혼합·고밀·중령·침수이력↑,0.61
31200,북구,구,울산광역시,C1,혼합·고밀·중령·침수이력↑,0.61
31710,울주군,군,울산광역시,C2,혼합·중밀·중령·산지,0.58
36110,세종특별자치시,시,세종특별자치시,C2,혼합·중밀·중령·산지,0.58
41111,수원시장안구,구,경기도,C3,혼합·고밀·젊음,0.64
41113,수원시권선구,구,경기도,C3,혼합·고밀·젊음,0.64
41115,수원시팔달구,구,경기도,C3,혼합·고밀·젊음,0.64
41117,수원시영통구,구,경기도,C3,혼합·고밀·젊음,0.64
41131,성남시수정구,구,경기도,C3,혼합·고밀·젊음,0.64
41133,성남시중원구,구,경기도,C3,혼합·고밀·젊음,0.64
41135,성남시분당구,구,경기도,C3,혼합·고밀·젊음,0.64
41150,의정부시,시,경기도,C3,혼합·고밀·젊음,0.64
41171,안양시만안구,구,경기도,C3,혼합·고밀·젊음,0.64
41173,안양시동안구,구,경기도,C3,혼합·고밀·젊음,0.64
41192,부천시원미구,구,경기도,C3,혼합·고밀·젊음,0.64
41194,부천시소사구,구,경기도,C3,혼합·고밀·젊음,0.64
41196,부천시오정구,구,경기도,C3,혼합·고밀·젊음,0.64
41210,광명시,시,경기도,C3,혼합·고밀·젊음,0.64
41220,평택시,시,경기도,C3,혼합·고밀·젊음,0.64
41250,동두천시,시,경기도,C2,혼합·중밀·중령·산지,0.58
41271,안산시상록구,구,경기도,C3,혼합·고밀·젊음,0.64
41273,안산시단원구,구,경기도,C3,혼합·고밀·젊음,0.64
41281,고양시덕양구,구,경기도,C1,혼합·고밀·중령·침수이력↑,0.61
41285,고양시일산동구,구,경기도,C3,혼합·고밀·젊음,0.64
41287,고양시일산서구,구,경기도,C1,혼합·고밀·중령·침수이력↑,0.61
41290,과천시,시,경기도,C3,혼합·고밀·젊음,0.64
41310,구리시,시,경기도,C3,혼합·고밀·젊음,0.64
41360,남양주시,시,경기도,C3,혼합·고밀·젊음,0.64
41370,오산시,시,경기도,C3,혼합·고밀·젊음,0.64
41390,시흥시,시,경기도,C3,혼합·고밀·젊음,0.64
41410,군포시,시,경기도,C2,혼합·중밀·중령·산지,0.58
41430,의왕시,시,경기도,C3,혼합·고밀·젊음,0.64
41450,하남시,시,경기도,C3,혼합·고밀·젊음,0.64
41461,용인시처인구,구,경기도,C2,혼합·중밀·중령·산지,0.58
41463,용인시기흥구,구,경기도,C3,혼합·고밀·젊음,0.64
41465,용인시수지구,구,경기도,C3,혼합·고밀·젊음,0.64
41480,파주시,시,경기도,C3,혼합·고밀·젊음,0.64
41500,이천시,시,경기도,C2,혼합·중밀·중령·산지,0.58
41550,안성시,시,경기도,C2,혼합·중밀·중령·산지,0.58
41570,김포시,시,경기도,C1,혼합·고밀·중령·침수이력↑,0.61
41591,화성시만세구,구,경기도,C3,혼합·고밀·젊음,0.64
41593,화성시효행구,구,경기도,C3,혼합·고밀·젊음,0.64
41595,화성시병점구,구,경기도,C3,혼합·고밀·젊음,0.64
41597,화성시동탄구,구,경기도,C3,혼합·고밀·젊음,0.64
41610,광주시,시,경기도,C2,혼합·중밀·중령·산지,0.58
41630,양주시,시,경기도,C3,혼합·고밀·젊음,0.64
41650,포천시,시,경기도,C2,혼합·중밀·중령·산지,0.58
41670,여주시,시,경기도,C1,혼합·고밀·중령·침수이력↑,0.61
41800,연천군,군,경기도,C4,내륙·저밀·고령·산지,0.88
41820,가평군,군,경기도,C4,내륙·저밀·고령·산지,0.88
41830,양평군,군,경기도,C4,내륙·저밀·고령·산지,0.88
43111,청주시상당구,구,충청북도,C2,혼합·중밀·중령·산지,0.58
43112,청주시서원구,구,충청북도,C2,혼합·중밀·중령·산지,0.58
43113,청주시흥덕구,구,충청북도,C3,혼합·고밀·젊음,0.64
43114,청주시청원구,구,충청북도,C3,혼합·고밀·젊음,0.64
43130,충주시,시,충청북도,C2,혼합·중밀·중령·산지,0.58
43150,제천시,시,충청북도,C2,혼합·중밀·중령·산지,0.58
43720,보은군,군,충청북도,C4,내륙·저밀·고령·산지,0.88
43730,옥천군,군,충청북도,C4,내륙·저밀·고령·산지,0.88
43740,영동군,군,충청북도,C4,내륙·저밀·고령·산지,0.88
43745,증평군,군,충청북도,C2,혼합·중밀·중령·산지,0.58
43750,진천군,군,충청북도,C2,혼합·중밀·중령·산지,0.58
43760,괴산군,군,충청북도,C4,내륙·저밀·고령·산지,0.88
43770,음성군,군,충청북도,C2,혼합·중밀·중령·산지,0.58
43800,단양군,군,충청북도,C4,내륙·저밀·고령·산지,0.88
44131,천안시동남구,구,충청남도,C2,혼합·중밀·중령·산지,0.58
44133,천안시서북구,구,충청남도,C3,혼합·고밀·젊음,0.64
44150,공주시,시,충청남도,C4,내륙·저밀·고령·산지,0.88
44180,보령시,시,충청남도,C0,해안·저밀·고령,0.75
44200,아산시,시,충청남도,C2,혼합·중밀·중령·산지,0.58
44210,서산시,시,충청남도,C0,해안·저밀·고령,0.75
44230,논산시,시,충청남도,C4,내륙·저밀·고령·산지,0.88
44250,계룡시,시,충청남도,C2,혼합·중밀·중령·산지,0.58
44270,당진시,시,충청남도,C0,해안·저밀·고령,0.75
44710,금산군,군,충청남도,C4,내륙·저밀·고령·산지,0.88
44760,부여군,군,충청남도,C4,내륙·저밀·고령·산지,0.88
44770,서천군,군,충청남도,C0,해안·저밀·고령,0.75
44790,청양군,군,충청남도,C4,내륙·저밀·고령·산지,0.88
44800,홍성군,군,충청남도,C0,해안·저밀·고령,0.75
44810,예산군,군,충청남도,C4,내륙·저밀·고령·산지,0.88
44825,태안군,군,충청남도,C0,해안·저밀·고령,0.75
47111,포항시남구,구,경상북도,C2,혼합·중밀·중령·산지,0.58
47113,포항시북구,구,경상북도,C2,혼합·중밀·중령·산지,0.58
47130,경주시,시,경상북도,C0,해안·저밀·고령,0.75
47150,김천시,시,경상북도,C4,내륙·저밀·고령·산지,0.88
47170,안동시,시,경상북도,C4,내륙·저밀·고령·산지,0.88
47190,구미시,시,경상북도,C3,혼합·고밀·젊음,0.64
47210,영주시,시,경상북도,C4,내륙·저밀·고령·산지,0.88
47230,영천시,시,경상북도,C4,내륙·저밀·고령·산지,0.88
47250,상주시,시,경상북도,C4,내륙·저밀·고령·산지,0.88
47280,문경시,시,경상북도,C4,내륙·저밀·고령·산지,0.88
47290,경산시,시,경상북도,C2,혼합·중밀·중령·산지,0.58
47730,의성군,군,경상북도,C4,내륙·저밀·고령·산지,0.88
47750,청송군,군,경상북도,C4,내륙·저밀·고령·산지,0.88
47760,영양군,군,경상북도,C4,내륙·저밀·고령·산지,0.88
47770,영덕군,군,경상북도,C0,해안·저밀·고령,0.75
47820,청도군,군,경상북도,C4,내륙·저밀·고령·산지,0.88
47830,고령군,군,경상북도,C4,내륙·저밀·고령·산지,0.88
47840,성주군,군,경상북도,C4,내륙·저밀·고령·산지,0.88
47850,칠곡군,군,경상북도,C2,혼합·중밀·중령·산지,0.58
47900,예천군,군,경상북도,C4,내륙·저밀·고령·산지,0.88
47920,봉화군,군,경상북도,C4,내륙·저밀·고령·산지,0.88
47930,울진군,군,경상북도,C4,내륙·저밀·고령·산지,0.88
47940,울릉군,군,경상북도,C0,해안·저밀·고령,0.75
48121,창원시의창구,구,경상남도,C3,혼합·고밀·젊음,0.64
48123,창원시성산구,구,경상남도,C3,혼합·고밀·젊음,0.64
48125,창원시마산합포구,구,경상남도,C2,혼합·중밀·중령·산지,0.58
48127,창원시마산회원구,구,경상남도,C2,혼합·중밀·중령·산지,0.58
48129,창원시진해구,구,경상남도,C2,혼합·중밀·중령·산지,0.58
48170,진주시,시,경상남도,C2,혼합·중밀·중령·산지,0.58
48220,통영시,시,경상남도,C0,해안·저밀·고령,0.75
48240,사천시,시,경상남도,C0,해안·저밀·고령,0.75
48250,김해시,시,경상남도,C2,혼합·중밀·중령·산지,0.58
48270,밀양시,시,경상남도,C4,내륙·저밀·고령·산지,0.88
48310,거제시,시,경상남도,C1,혼합·고밀·중령·침수이력↑,0.61
48330,양산시,시,경상남도,C2,혼합·중밀·중령·산지,0.58
48720,의령군,군,경상남도,C4,내륙·저밀·고령·산지,0.88
48730,함안군,군,경상남도,C4,내륙·저밀·고령·산지,0.88
48740,창녕군,군,경상남도,C4,내륙·저밀·고령·산지,0.88
48820,고성군,군,경상남도,C0,해안·저밀·고령,0.75
48840,남해군,군,경상남도,C0,해안·저밀·고령,0.75
48850,하동군,군,경상남도,C0,해안·저밀·고령,0.75
48860,산청군,군,경상남도,C4,내륙·저밀·고령·산지,0.88
48870,함양군,군,경상남도,C4,내륙·저밀·고령·산지,0.88
48880,거창군,군,경상남도,C4,내륙·저밀·고령·산지,0.88
48890,합천군,군,경상남도,C4,내륙·저밀·고령·산지,0.88
50110,제주시,시,제주특별자치도,C1,혼합·고밀·중령·침수이력↑,0.61
50130,서귀포시,시,제주특별자치도,C1,혼합·고밀·중령·침수이력↑,0.61
51110,춘천시,시,강원특별자치도,C2,혼합·중밀·중령·산지,0.58
51130,원주시,시,강원특별자치도,C2,혼합·중밀·중령·산지,0.58
51150,강릉시,시,강원특별자치도,C2,혼합·중밀·중령·산지,0.58
51170,동해시,시,강원특별자치도,C0,해안·저밀·고령,0.75
51190,태백시,시,강원특별자치도,C4,내륙·저밀·고령·산지,0.88
51210,속초시,시,강원특별자치도,C2,혼합·중밀·중령·산지,0.58
51230,삼척시,시,강원특별자치도,C4,내륙·저밀·고령·산지,0.88
51720,홍천군,군,강원특별자치도,C4,내륙·저밀·고령·산지,0.88
51730,횡성군,군,강원특별자치도,C4,내륙·저밀·고령·산지,0.88
51750,영월군,군,강원특별자치도,C4,내륙·저밀·고령·산지,0.88
51760,평창군,군,강원특별자치도,C4,내륙·저밀·고령·산지,0.88
51770,정선군,군,강원특별자치도,C4,내륙·저밀·고령·산지,0.88
51780,철원군,군,강원특별자치도,C4,내륙·저밀·고령·산지,0.88
51790,화천군,군,강원특별자치도,C4,내륙·저밀·고령·산지,0.88
51800,양구군,군,강원특별자치도,C4,내륙·저밀·고령·산지,0.88
51810,인제군,군,강원특별자치도,C4,내륙·저밀·고령·산지,0.88
51820,고성군,군,강원특별자치도,C4,내륙·저밀·고령·산지,0.88
51830,양양군,군,강원특별자치도,C4,내륙·저밀·고령·산지,0.88
52111,전주시완산구,구,전북특별자치도,C2,혼합·중밀·중령·산지,0.58
52113,전주시덕진구,구,전북특별자치도,C1,혼합·고밀·중령·침수이력↑,0.61
52130,군산시,시,전북특별자치도,C1,혼합·고밀·중령·침수이력↑,0.61
52140,익산시,시,전북특별자치도,C1,혼합·고밀·중령·침수이력↑,0.61
52190,남원시,시,전북특별자치도,C4,내륙·저밀·고령·산지,0.88
52210,김제시,시,전북특별자치도,C0,해안·저밀·고령,0.75
52710,완주군,군,전북특별자치도,C2,혼합·중밀·중령·산지,0.58
52720,진안군,군,전북특별자치도,C4,내륙·저밀·고령·산지,0.88
52730,무주군,군,전북특별자치도,C4,내륙·저밀·고령·산지,0.88
52740,장수군,군,전북특별자치도,C4,내륙·저밀·고령·산지,0.88
52750,임실군,군,전북특별자치도,C4,내륙·저밀·고령·산지,0.88
52770,순창군,군,전북특별자치도,C4,내륙·저밀·고령·산지,0.88
52790,고창군,군,전북특별자치도,C0,해안·저밀·고령,0.75
52800,부안군,군,전북특별자치도,C0,해안·저밀·고령,0.75
