code,name,kind,sido,pop,area,dens,e65,ealone,single,flood_r,ls_r,slope,coastal,border,rz_n,rz_per100,shel,shel_per10k
11110,종로구,구,서울특별시,136139,24.0,5684.1,0.2302,0.1354,0.5374,0.2455,0.0,14.62,0,0,3,12.53,107,7.86
11140,중구,구,서울특별시,117493,10.1,11662.8,0.2365,0.1391,0.5377,0.2865,0.0,9.0,0,0,0,0.0,72,6.13
11170,용산구,구,서울특별시,199575,22.2,8971.4,0.2015,0.1045,0.4965,0.3561,0.0,6.46,0,0,1,4.5,65,3.26
11200,성동구,구,서울특별시,274346,16.8,16377.4,0.1993,0.1015,0.4421,0.3516,0.0,5.95,0,0,0,0.0,121,4.41
11215,광진구,구,서울특별시,330802,17.7,18720.0,0.1941,0.0944,0.5113,0.4947,0.0,6.92,0,0,0,0.0,81,2.45
11230,동대문구,구,서울특별시,353070,14.5,24269.6,0.2121,0.1156,0.4951,0.572,0.0,5.58,0,0,0,0.0,75,2.12
11260,중랑구,구,서울특별시,376282,18.0,20854.4,0.2421,0.1409,0.4646,0.1211,0.0,8.35,0,0,0,0.0,162,4.31
11290,성북구,구,서울특별시,421289,24.4,17238.6,0.2121,0.1135,0.431,0.4591,0.0,11.26,0,0,0,0.0,114,2.71
11305,강북구,구,서울특별시,277695,23.8,11690.9,0.2739,0.168,0.479,0.5564,0.0,13.97,0,0,0,0.0,77,2.77
11320,도봉구,구,서울특별시,298067,20.7,14364.9,0.2705,0.1499,0.3898,0.3612,0.0,10.74,0,0,0,0.0,96,3.22
11350,노원구,구,서울특별시,480549,35.5,13538.4,0.2236,0.1386,0.3778,0.2091,0.0,10.72,0,0,0,0.0,178,3.7
11380,은평구,구,서울특별시,453056,31.5,14398.2,0.2322,0.1281,0.4163,0.3936,0.0,13.97,0,0,2,6.36,111,2.45
11410,서대문구,구,서울특별시,299531,17.4,17207.3,0.2121,0.1108,0.4602,0.5053,0.0,11.8,0,0,0,0.0,116,3.87
11440,마포구,구,서울특별시,356154,24.0,14846.6,0.1774,0.088,0.4894,0.375,0.0,5.64,0,0,0,0.0,115,3.23
11470,양천구,구,서울특별시,420595,17.8,23621.6,0.2065,0.1175,0.335,0.495,0.0,6.53,0,0,1,5.62,116,2.76
11500,강서구,구,서울특별시,548268,41.5,13209.8,0.213,0.1148,0.4706,0.3771,0.0,4.12,0,0,5,12.05,160,2.92
11530,구로구,구,서울특별시,382531,20.1,18999.8,0.231,0.1192,0.4327,0.6246,0.0,7.52,0,0,0,0.0,147,3.84
11545,금천구,구,서울특별시,222421,12.6,17623.7,0.2307,0.1253,0.5399,0.5,0.0,8.73,0,0,1,7.92,71,3.19
11560,영등포구,구,서울특별시,371691,24.2,15375.9,0.1966,0.0973,0.508,0.5116,0.0,3.98,0,0,0,0.0,105,2.82
11590,동작구,구,서울특별시,371543,16.6,22354.8,0.2081,0.0972,0.4878,0.7365,0.0,8.32,0,0,0,0.0,103,2.77
11620,관악구,구,서울특별시,477503,30.1,15873.8,0.1975,0.0918,0.6397,0.484,0.0,13.7,0,0,0,0.0,158,3.31
11650,서초구,구,서울특별시,414616,47.4,8747.9,0.1791,0.0743,0.349,0.4716,0.0,10.92,0,0,5,10.55,140,3.38
11680,강남구,구,서울특별시,552631,38.3,14411.1,0.1771,0.0803,0.3991,0.4377,0.0,7.47,0,0,1,2.61,161,2.91
11710,송파구,구,서울특별시,649715,33.7,19254.0,0.1904,0.0848,0.3817,0.4008,0.0,4.65,0,0,0,0.0,124,1.91
11740,강동구,구,서울특별시,498701,24.7,20190.8,0.2029,0.1048,0.3772,0.4974,0.0,5.0,0,0,1,4.05,126,2.53
12110,목포시,시,전남광주통합특별시,199230,54.6,3648.0,0.2387,0.1778,0.4831,0.0506,0.0063,5.45,1,0,7,12.82,148,7.43
12130,여수시,시,전남광주통합특별시,249910,533.9,468.0,0.2575,0.169,0.4227,0.0138,0.0015,11.72,1,0,4,0.75,128,5.12
12150,순천시,시,전남광주통합특별시,221801,914.2,242.6,0.2455,0.1674,0.422,0.0088,0.0263,17.89,1,0,3,0.33,81,3.65
12170,나주시,시,전남광주통합특별시,116699,609.2,191.6,0.2643,0.198,0.49,0.0167,0.004,9.52,0,0,28,4.6,39,3.34
12190,광양시,시,전남광주통합특별시,155979,470.0,331.8,0.1815,0.1272,0.4183,0.0062,0.0258,16.46,1,0,21,4.47,76,4.87
12210,동구,구,전남광주통합특별시,101435,48.4,2095.3,0.2499,0.1611,0.5024,0.1271,0.0169,19.82,0,0,2,4.13,86,8.48
12240,서구,구,전남광주통합특별시,265910,47.8,5564.0,0.1988,0.1224,0.4385,0.2,0.05,5.68,0,0,2,4.18,98,3.69
12270,남구,구,전남광주통합특별시,188931,60.5,3123.6,0.2265,0.1497,0.3988,0.0921,0.0197,8.74,0,0,6,9.92,120,6.35
12300,북구,구,전남광주통합특별시,416780,120.6,3456.3,0.2086,0.1407,0.4415,0.0441,0.0919,11.08,0,0,5,4.15,146,3.5
12330,광산구,구,전남광주통합특별시,382841,222.6,1720.0,0.1374,0.095,0.3942,0.1206,0.0042,7.96,0,0,30,13.48,138,3.6
12710,담양군,군,전남광주통합특별시,43972,453.2,97.0,0.3857,0.2513,0.5024,0.0398,0.1236,15.69,0,0,22,4.85,39,8.87
12720,곡성군,군,전남광주통합특별시,27663,549.0,50.4,0.4212,0.2866,0.5575,0.0223,0.067,18.46,0,0,6,1.09,16,5.78
12730,구례군,군,전남광주통합특별시,24576,440.6,55.8,0.4158,0.2845,0.5253,0.0562,0.0461,21.51,0,0,6,1.36,14,5.7
12740,고흥군,군,전남광주통합특별시,58318,823.5,70.8,0.4813,0.3283,0.5467,0.0,0.0049,11.4,1,0,41,4.98,11,1.89
12750,보성군,군,전남광주통합특별시,36977,667.8,55.4,0.4474,0.3164,0.5542,0.0095,0.0022,15.18,1,0,15,2.25,20,5.41
12760,화순군,군,전남광주통합특별시,59420,789.6,75.3,0.3314,0.2519,0.4934,0.0063,0.0069,19.33,0,0,32,4.05,17,2.86
12770,장흥군,군,전남광주통합특별시,33906,620.3,54.7,0.4123,0.2967,0.5489,0.0,0.0093,15.89,1,0,24,3.87,31,9.14
12780,강진군,군,전남광주통합특별시,31644,503.1,62.9,0.4132,0.2961,0.5393,0.0,0.0228,13.58,1,0,10,1.99,24,7.58
12790,해남군,군,전남광주통합특별시,61992,1006.1,61.6,0.3979,0.272,0.5215,0.0277,0.0024,9.01,1,0,20,1.99,16,2.58
12800,영암군,군,전남광주통합특별시,44232,592.9,74.6,0.3551,0.2532,0.5468,0.0171,0.0,9.19,1,0,8,1.35,23,5.2
12810,무안군,군,전남광주통합특별시,63240,464.2,136.2,0.2911,0.2183,0.4769,0.0019,0.0057,6.6,1,0,17,3.66,41,6.48
12820,함평군,군,전남광주통합특별시,29651,392.0,75.6,0.4305,0.3079,0.5859,0.0,0.0061,11.11,1,0,24,6.12,18,6.07
12830,영광군,군,전남광주통합특별시,53528,497.6,107.6,0.3292,0.236,0.5133,0.0885,0.0228,9.31,1,0,29,5.83,27,5.04
12840,장성군,군,전남광주통합특별시,43130,519.5,83.0,0.3584,0.2487,0.5189,0.0129,0.0379,15.57,0,0,24,4.62,17,3.94
12850,완도군,군,전남광주통합특별시,43198,453.5,95.3,0.397,0.2704,0.5271,0.0,0.0,9.6,1,0,28,6.17,14,3.24
12860,진도군,군,전남광주통합특별시,27221,459.4,59.3,0.4036,0.2933,0.5635,0.0194,0.0018,10.11,1,0,8,1.74,22,8.08
12870,신안군,군,전남광주통합특별시,39559,850.4,46.5,0.3915,0.2428,0.5097,0.0,0.0,5.95,1,0,32,3.76,3,0.76
26110,중구,구,부산광역시,29924,3.0,9991.4,0.3507,0.2389,0.6542,0.3636,0.0,8.59,1,0,0,0.0,51,17.04
26140,서구,구,부산광역시,101028,14.1,7186.1,0.3202,0.2145,0.4941,0.1915,0.0,15.46,1,0,5,35.56,56,5.54
26170,동구,구,부산광역시,63801,9.6,6673.2,0.3071,0.2131,0.5264,0.4,0.0,10.97,1,0,2,20.92,27,4.23
26200,영도구,구,부산광역시,96902,14.6,6622.8,0.3603,0.2376,0.4801,0.0217,0.0,8.66,1,0,3,20.5,126,13.0
26230,부산진구,구,부산광역시,364481,29.5,12345.0,0.2468,0.1447,0.4801,0.0959,0.0,14.43,0,0,2,6.77,89,2.44
26260,동래구,구,부산광역시,270741,17.0,15889.1,0.243,0.1469,0.367,0.4167,0.0,10.61,0,0,3,17.61,125,4.62
26290,남구,구,부산광역시,254774,26.5,9609.0,0.2581,0.1438,0.4127,0.1061,0.0,9.94,1,0,12,45.26,94,3.69
26320,북구,구,부산광역시,260432,40.3,6464.0,0.2677,0.171,0.3765,0.2323,0.0101,15.22,0,0,4,9.93,101,3.88
26350,해운대구,구,부산광역시,359559,52.5,6847.9,0.2401,0.1423,0.3645,0.2188,0.0,12.86,1,0,8,15.24,120,3.34
26380,사하구,구,부산광역시,281665,45.0,6252.8,0.2796,0.1753,0.4271,0.0354,0.0,9.71,1,0,7,15.54,79,2.8
26410,금정구,구,부산광역시,205483,65.2,3151.3,0.2938,0.1733,0.4694,0.1554,0.0,15.01,0,0,1,1.53,74,3.6
26440,강서구,구,부산광역시,154119,189.8,811.9,0.1555,0.1011,0.3634,0.0572,0.0,6.32,1,0,16,8.43,30,1.95
26470,연제구,구,부산광역시,211580,12.1,17527.3,0.2493,0.1488,0.4066,0.3947,0.0,10.76,0,0,2,16.57,112,5.29
26500,수영구,구,부산광역시,160048,10.7,14955.1,0.276,0.152,0.4685,0.3514,0.0,8.93,1,0,7,65.41,102,6.37
26530,사상구,구,부산광역시,192275,36.8,5228.1,0.2786,0.1723,0.4598,0.1236,0.0,11.04,0,0,4,10.88,96,4.99
26710,기장군,군,부산광역시,175402,221.1,793.3,0.2153,0.1509,0.3938,0.1486,0.0,15.11,1,0,14,6.33,32,1.82
27110,중구,구,대구광역시,95882,7.1,13540.3,0.1861,0.1204,0.4801,0.0,0.0,4.1,0,0,0,0.0,41,4.28
27140,동구,구,대구광역시,338544,182.3,1856.7,0.2576,0.1672,0.4281,0.0,0.0051,15.41,0,0,5,2.74,106,3.13
27170,서구,구,대구광역시,132048,17.3,7636.4,0.3062,0.2063,0.4803,0.0,0.0,5.75,0,0,2,11.57,34,2.57
27200,남구,구,대구광역시,133979,17.5,7662.2,0.2819,0.1852,0.5301,0.0,0.0,12.57,0,0,0,0.0,57,4.25
27230,북구,구,대구광역시,406587,93.8,4335.3,0.2121,0.1337,0.4155,0.0,0.0,11.99,0,0,8,8.53,143,3.52
27260,수성구,구,대구광역시,397635,76.5,5198.6,0.2098,0.1285,0.3402,0.0,0.0,13.46,0,0,3,3.92,96,2.41
27290,달서구,구,대구광역시,512963,64.3,7979.5,0.2177,0.1386,0.3914,0.0,0.0,11.3,0,0,3,4.67,199,3.88
27710,달성군,군,대구광역시,203873,423.9,481.0,0.2029,0.1311,0.3752,0.0097,0.0,15.91,0,0,13,3.07,95,4.66
27720,군위군,군,대구광역시,22552,612.8,36.8,0.5019,0.3082,0.5426,0.0,0.0163,18.1,0,0,21,3.43,5,2.22
28125,제물포구,구,인천광역시,83112,23.3,3571.6,0.3049,0.208,0.4758,0.0,0.0,3.54,1,0,1,4.3,54,6.5
28155,영종구,구,인천광역시,138091,131.5,1050.2,0.1217,0.0669,0.4734,0.0,0.0,4.53,1,0,1,0.76,22,1.59
28177,미추홀구,구,인천광역시,405306,24.7,16436.6,0.2205,0.137,0.4486,0.0588,0.0,6.16,0,0,3,12.17,110,2.71
28185,연수구,구,인천광역시,410280,72.3,5677.7,0.1473,0.0775,0.3122,0.0,0.0,3.04,1,0,1,1.38,77,1.88
28200,남동구,구,인천광역시,478762,58.0,8256.0,0.2148,0.1366,0.417,0.0267,0.0,6.89,0,0,3,5.17,128,2.67
28237,부평구,구,인천광역시,487661,32.1,15211.0,0.2129,0.1283,0.3853,0.0,0.0,7.59,0,0,3,9.36,105,2.15
28245,계양구,구,인천광역시,276125,45.6,6058.1,0.2147,0.1318,0.3926,0.1488,0.0,7.03,0,0,0,0.0,46,1.67
28275,서해구,구,인천광역시,392173,72.2,5434.5,0.1671,0.101,0.375,0.0,0.0,5.77,1,0,1,1.39,68,1.73
28290,검단구,구,인천광역시,273735,60.7,4508.5,0.1237,0.0752,0.3046,0.0197,0.0,6.77,0,0,2,3.29,38,1.39
28710,강화군,군,인천광역시,69291,459.1,150.9,0.4197,0.2445,0.4575,0.0,0.0,7.02,1,0,1,0.22,90,12.99
28720,옹진군,군,인천광역시,17786,198.2,89.7,0.367,0.2323,0.6339,0.0,0.0,8.12,1,0,3,1.51,52,29.24
30110,동구,구,대전광역시,218050,136.6,1595.8,0.2494,0.1631,0.4924,0.0295,0.0029,17.0,0,0,2,1.46,111,5.09
30140,중구,구,대전광역시,224034,61.9,3617.7,0.2528,0.1631,0.4385,0.0258,0.0452,15.33,0,0,0,0.0,91,4.06
30170,서구,구,대전광역시,464428,96.2,4828.3,0.1818,0.0989,0.4418,0.2043,0.0043,13.38,0,0,1,1.04,145,3.12
30200,유성구,구,대전광역시,371855,175.9,2114.5,0.1395,0.0714,0.4319,0.0759,0.0051,11.96,0,0,1,0.57,138,3.71
30230,대덕구,구,대전광역시,163823,70.0,2341.7,0.2387,0.1508,0.4369,0.0966,0.0057,11.03,0,0,1,1.43,141,8.61
31110,중구,구,울산광역시,202823,36.5,5555.6,0.2287,0.1464,0.3887,0.3563,0.0,9.39,0,0,13,35.61,149,7.35
31140,남구,구,울산광역시,304418,72.9,4174.6,0.188,0.1084,0.405,0.1965,0.0,7.09,1,0,6,8.23,118,3.88
31170,동구,구,울산광역시,147633,37.2,3964.8,0.2097,0.1117,0.3886,0.0,0.0,9.22,1,0,2,5.37,112,7.59
31200,북구,구,울산광역시,213512,158.1,1350.7,0.1395,0.0794,0.3129,0.2157,0.0,13.69,1,0,6,3.8,53,2.48
31710,울주군,군,울산광역시,218370,759.0,287.7,0.222,0.1472,0.4048,0.0501,0.0046,16.65,1,0,10,1.32,67,3.07
36110,세종특별자치시,시,세종특별자치시,377746,466.5,809.8,0.1314,0.0763,0.3479,0.0248,0.0178,12.58,0,0,22,4.72,178,4.71
41111,수원시장안구,구,경기도,269791,33.3,8104.3,0.1895,0.1168,0.3966,0.0116,0.0116,11.36,0,0,0,0.0,59,2.19
41113,수원시권선구,구,경기도,360118,47.2,7633.0,0.1719,0.0952,0.3999,0.0,0.0,4.47,0,0,1,2.12,79,2.19
41115,수원시팔달구,구,경기도,193325,13.0,14869.8,0.1909,0.1157,0.4937,0.0,0.0,5.64,0,0,0,0.0,60,3.1
41117,수원시영통구,구,경기도,362098,27.6,13098.8,0.1102,0.0543,0.3735,0.0,0.0119,7.85,0,0,1,3.62,83,2.29
41131,성남시수정구,구,경기도,223548,45.7,4893.1,0.2145,0.1359,0.4624,0.0082,0.0,12.22,0,0,0,0.0,51,2.28
41133,성남시중원구,구,경기도,167304,26.3,6350.2,0.235,0.1404,0.4634,0.0,0.0,13.81,0,0,0,0.0,56,3.35
41135,성남시분당구,구,경기도,454809,70.0,6497.6,0.1707,0.0761,0.3114,0.0,0.0,12.52,0,0,1,1.43,132,2.9
41150,의정부시,시,경기도,461879,82.3,5610.3,0.2096,0.1326,0.3928,0.0808,0.0,13.29,0,0,1,1.21,114,2.47
41171,안양시만안구,구,경기도,219453,37.2,5891.8,0.2291,0.1249,0.3672,0.0,0.0102,15.99,0,0,0,0.0,64,2.92
41173,안양시동안구,구,경기도,328098,21.9,14950.3,0.1701,0.0822,0.2908,0.0,0.0,11.55,0,0,0,0.0,160,4.88
41192,부천시원미구,구,경기도,371179,20.7,17931.8,0.2005,0.1089,0.3868,0.0,0.0,6.44,0,0,0,0.0,130,3.5
41194,부천시소사구,구,경기도,224007,12.8,17470.1,0.2231,0.1335,0.343,0.0,0.0,8.56,0,0,0,0.0,43,1.92
41196,부천시오정구,구,경기도,148710,20.1,7402.3,0.2322,0.143,0.3928,0.0345,0.0,4.78,0,0,0,0.0,48,3.23
41210,광명시,시,경기도,303726,38.9,7810.4,0.189,0.1022,0.3085,0.2255,0.0,8.75,0,0,1,2.57,85,2.8
41220,평택시,시,경기도,620754,456.1,1361.0,0.1515,0.0945,0.4464,0.1284,0.001,4.4,1,0,6,1.32,130,2.09
41250,동두천시,시,경기도,86186,96.1,896.9,0.284,0.2044,0.4677,0.0,0.0,18.17,0,0,8,8.33,53,6.15
41271,안산시상록구,구,경기도,320505,59.6,5381.2,0.1828,0.1148,0.4261,0.0,0.0,9.99,1,0,0,0.0,71,2.22
41273,안산시단원구,구,경기도,288378,103.8,2778.3,0.1723,0.105,0.4248,0.0097,0.0,5.66,1,0,0,0.0,85,2.95
41281,고양시덕양구,구,경기도,482849,163.0,2961.8,0.2007,0.1212,0.379,0.1114,0.0,10.66,0,0,6,3.68,195,4.04
41285,고양시일산동구,구,경기도,298158,60.3,4947.2,0.1863,0.0987,0.3835,0.1258,0.0,5.63,0,0,1,1.66,122,4.09
41287,고양시일산서구,구,경기도,276159,43.3,6373.7,0.1939,0.1029,0.299,0.009,0.0,3.03,0,0,3,6.92,147,5.32
41290,과천시,시,경기도,81008,35.2,2298.4,0.1639,0.0746,0.2187,0.0,0.0,14.63,0,0,0,0.0,27,3.33
41310,구리시,시,경기도,164096,33.1,4955.0,0.1922,0.107,0.347,0.0337,0.0,8.5,0,0,1,3.02,58,3.53
41360,남양주시,시,경기도,679144,459.0,1479.8,0.1972,0.119,0.3302,0.0163,0.001,15.75,0,0,1,0.22,107,1.58
41370,오산시,시,경기도,254747,42.7,5966.2,0.1347,0.0812,0.4244,0.0089,0.0,7.44,0,0,1,2.34,71,2.79
41390,시흥시,시,경기도,514996,143.5,3589.4,0.1461,0.0934,0.3893,0.0936,0.0,7.03,1,0,3,2.09,141,2.74
41410,군포시,시,경기도,249253,36.0,6923.2,0.2088,0.1222,0.37,0.0,0.0102,12.31,0,0,1,2.78,80,3.21
41430,의왕시,시,경기도,165701,54.1,3062.7,0.2004,0.0941,0.2846,0.0,0.0,13.12,0,0,1,1.85,86,5.19
41450,하남시,시,경기도,320373,93.8,3416.2,0.1715,0.0889,0.3493,0.0491,0.0045,12.03,0,0,0,0.0,90,2.81
41461,용인시처인구,구,경기도,287270,469.1,612.4,0.1924,0.1083,0.3991,0.0503,0.0387,13.19,0,0,2,0.43,72,2.51
41463,용인시기흥구,구,경기도,434408,82.0,5299.6,0.1764,0.087,0.3035,0.0,0.0,11.32,0,0,0,0.0,134,3.08
41465,용인시수지구,구,경기도,368881,42.4,8705.1,0.1631,0.0666,0.2448,0.0,0.0179,13.61,0,0,0,0.0,93,2.52
41480,파주시,시,경기도,534503,687.5,777.5,0.1777,0.1117,0.3754,0.0684,0.0014,10.43,1,0,6,0.87,191,3.57
41500,이천시,시,경기도,225911,462.2,488.7,0.1947,0.1115,0.4523,0.0794,0.0288,8.38,0,0,8,1.73,82,3.63
41550,안성시,시,경기도,199314,555.4,358.9,0.2284,0.1386,0.4586,0.0323,0.0415,11.47,0,0,8,1.44,65,3.26
41570,김포시,시,경기도,483964,281.0,1722.3,0.1758,0.102,0.3508,0.1726,0.0,5.52,1,0,10,3.56,201,4.15
41591,화성시만세구,구,경기도,234363,469.5,499.1,0.1855,0.1174,0.48,0.0055,0.0,6.08,1,0,0,0.0,48,2.05
41593,화성시효행구,구,경기도,160788,153.7,1046.2,0.1603,0.101,0.3755,0.0054,0.0,9.47,0,0,0,0.0,19,1.18
41595,화성시병점구,구,경기도,175045,25.2,6954.1,0.1252,0.0656,0.3666,0.0139,0.0,5.07,0,0,0,0.0,37,2.11
41597,화성시동탄구,구,경기도,429477,55.8,7694.3,0.0713,0.0335,0.2983,0.0,0.0,10.23,0,0,0,0.0,65,1.51
41610,광주시,시,경기도,400323,429.4,932.3,0.1966,0.1053,0.3586,0.0149,0.0011,16.71,0,0,11,2.56,112,2.8
41630,양주시,시,경기도,297352,310.8,956.7,0.1923,0.126,0.3693,0.0606,0.0,13.21,0,0,0,0.0,89,2.99
41650,포천시,시,경기도,140454,828.6,169.5,0.2954,0.1971,0.4967,0.0045,0.0023,16.9,0,0,12,1.45,89,6.34
41670,여주시,시,경기도,113383,608.6,186.3,0.2959,0.1792,0.451,0.1735,0.0,11.05,0,0,19,3.12,32,2.82
41800,연천군,군,경기도,43107,696.6,61.9,0.3444,0.2221,0.5,0.0067,0.0033,15.8,0,1,17,2.44,36,8.35
41820,가평군,군,경기도,62048,842.4,73.7,0.3494,0.2316,0.5116,0.0006,0.0287,22.6,0,0,4,0.47,32,5.16
41830,양평군,군,경기도,126995,881.1,144.1,0.3417,0.2118,0.4509,0.0194,0.0388,18.25,0,0,2,0.23,30,2.36
43111,청주시상당구,구,충청북도,192850,403.9,477.4,0.2124,0.1434,0.3937,0.2412,0.0657,17.27,0,0,1,0.25,68,3.53
43112,청주시서원구,구,충청북도,187809,123.7,1518.1,0.2125,0.133,0.4458,0.2391,0.0337,11.81,0,0,2,1.62,52,2.77
43113,청주시흥덕구,구,충청북도,293157,197.9,1481.1,0.1494,0.0856,0.4466,0.2729,0.0115,8.57,0,0,2,1.01,85,2.9
43114,청주시청원구,구,충청북도,186053,216.1,860.8,0.1806,0.1143,0.4584,0.3154,0.0228,9.09,0,0,2,0.93,34,1.83
43130,충주시,시,충청북도,205872,984.5,209.1,0.2678,0.1687,0.456,0.0297,0.1639,17.08,0,0,26,2.64,38,1.85
43150,제천시,시,충청북도,128043,882.9,145.0,0.3006,0.1943,0.4748,0.0859,0.1177,20.19,0,0,25,2.83,35,2.73
43720,보은군,군,충청북도,31480,585.5,53.8,0.4329,0.2729,0.4975,0.0065,0.0178,19.11,0,0,23,3.93,14,4.45
43730,옥천군,군,충청북도,50660,542.6,93.4,0.3749,0.2465,0.4691,0.0087,0.0044,19.07,0,0,27,4.98,15,2.96
43740,영동군,군,충청북도,43029,855.1,50.3,0.4137,0.269,0.5053,0.0232,0.0023,20.49,0,0,40,4.68,11,2.56
43745,증평군,군,충청북도,36758,81.9,448.7,0.2397,0.1664,0.4891,0.1073,0.0683,13.51,0,0,6,7.32,17,4.62
43750,진천군,군,충청북도,85590,408.2,209.7,0.2168,0.1374,0.4718,0.0348,0.073,14.12,0,0,18,4.41,35,4.09
43760,괴산군,군,충청북도,37267,843.1,44.2,0.4408,0.2675,0.545,0.0445,0.022,19.78,0,0,34,4.03,10,2.68
43770,음성군,군,충청북도,96036,521.6,184.1,0.2761,0.172,0.524,0.0309,0.0725,13.19,0,0,23,4.41,23,2.39
43800,단양군,군,충청북도,26552,782.1,34.0,0.4251,0.2735,0.5233,0.0378,0.085,23.95,0,0,25,3.2,17,6.4
44131,천안시동남구,구,충청남도,263741,438.5,601.5,0.2007,0.1256,0.4484,0.0453,0.0576,14.82,0,0,10,2.28,43,1.63
44133,천안시서북구,구,충청남도,402701,198.3,2030.3,0.131,0.0769,0.4446,0.0462,0.0154,7.4,0,0,7,3.53,87,2.16
44150,공주시,시,충청남도,99619,865.7,115.1,0.3423,0.204,0.5066,0.0055,0.0104,16.73,0,0,18,2.08,24,2.41
44180,보령시,시,충청남도,88778,609.2,145.7,0.3424,0.2216,0.486,0.0,0.0117,11.71,1,0,15,2.46,28,3.15
44200,아산시,시,충청남도,364270,543.7,670.0,0.1628,0.1095,0.4329,0.013,0.0502,9.36,1,0,18,3.31,31,0.85
44210,서산시,시,충청남도,171093,732.3,233.6,0.2464,0.1485,0.4315,0.0,0.0037,7.38,1,0,9,1.23,36,2.1
44230,논산시,시,충청남도,105815,553.6,191.1,0.3458,0.2315,0.4956,0.0086,0.0368,10.66,0,0,17,3.07,26,2.46
44250,계룡시,시,충청남도,45983,60.6,759.0,0.1711,0.1094,0.3275,0.0065,0.0588,17.15,0,0,5,8.25,14,3.04
44270,당진시,시,충청남도,172472,710.2,242.9,0.2339,0.1499,0.4646,0.0039,0.0,6.32,1,0,19,2.68,43,2.49
44710,금산군,군,충청남도,48847,578.6,84.4,0.3941,0.2595,0.5066,0.0049,0.0724,19.81,0,0,16,2.77,14,2.87
44760,부여군,군,충청남도,57687,626.4,92.1,0.4454,0.278,0.4926,0.0008,0.0391,11.44,0,0,23,3.67,23,3.99
44770,서천군,군,충청남도,46635,371.4,125.6,0.4501,0.2864,0.5011,0.0037,0.005,8.62,1,0,9,2.42,19,4.07
44790,청양군,군,충청남도,30032,481.5,62.4,0.4331,0.2546,0.5221,0.0368,0.0155,15.62,0,0,18,3.74,14,4.66
44800,홍성군,군,충청남도,101743,453.8,224.2,0.2883,0.1826,0.449,0.0061,0.0091,9.29,1,0,6,1.32,15,1.47
44810,예산군,군,충청남도,78168,543.2,143.9,0.3759,0.2258,0.4597,0.0034,0.0981,11.0,0,0,26,4.79,34,4.35
44825,태안군,군,충청남도,59005,576.0,102.4,0.4084,0.249,0.5133,0.0,0.0,6.62,1,0,7,1.22,13,2.2
47111,포항시남구,구,경상북도,211509,395.1,535.3,0.26,0.1649,0.459,0.0179,0.0765,13.78,1,0,22,5.57,51,2.41
47113,포항시북구,구,경상북도,274894,738.4,372.3,0.2399,0.1547,0.3949,0.0133,0.0365,18.54,1,0,4,0.54,65,2.36
47130,경주시,시,경상북도,242880,1326.6,183.1,0.2986,0.1998,0.469,0.0453,0.0174,16.29,1,0,25,1.88,55,2.26
47150,김천시,시,경상북도,132550,1007.6,131.6,0.3009,0.1984,0.4748,0.016,0.0223,18.11,0,0,20,1.98,42,3.17
47170,안동시,시,경상북도,151584,1530.6,99.0,0.3081,0.2043,0.5016,0.0013,0.0,18.16,0,0,30,1.96,76,5.01
47190,구미시,시,경상북도,399917,617.1,648.1,0.1498,0.0931,0.4376,0.0148,0.0,13.53,0,0,14,2.27,169,4.23
47210,영주시,시,경상북도,92012,675.2,136.3,0.3409,0.2237,0.4805,0.0,0.0172,17.14,0,0,30,4.44,44,4.78
47230,영천시,시,경상북도,93847,917.4,102.3,0.37,0.2578,0.5422,0.0,0.0087,16.64,0,0,18,1.96,42,4.48
47250,상주시,시,경상북도,86871,1253.3,69.3,0.3921,0.2593,0.4983,0.0085,0.0035,16.25,0,0,22,1.76,44,5.06
47280,문경시,시,경상북도,62795,916.5,68.5,0.3883,0.2629,0.5135,0.0,0.0171,20.56,0,0,36,3.93,16,2.55
47290,경산시,시,경상북도,263171,412.3,638.3,0.2282,0.1406,0.4658,0.0,0.0035,15.14,0,0,25,6.06,46,1.75
47730,의성군,군,경상북도,47920,1171.0,40.9,0.5021,0.3235,0.5647,0.0,0.0004,16.61,0,0,31,2.65,5,1.04
47750,청송군,군,경상북도,24437,849.0,28.8,0.448,0.2749,0.544,0.0012,0.0156,21.68,0,0,26,3.06,7,2.86
47760,영양군,군,경상북도,15973,822.2,19.4,0.4413,0.2833,0.529,0.0247,0.0718,22.63,0,0,25,3.04,8,5.01
47770,영덕군,군,경상북도,30550,748.7,40.8,0.4539,0.3184,0.5564,0.0166,0.018,20.26,1,0,39,5.21,14,4.58
47820,청도군,군,경상북도,37453,692.1,54.1,0.472,0.3146,0.5517,0.0063,0.0042,20.95,0,0,18,2.6,13,3.47
47830,고령군,군,경상북도,29472,385.0,76.6,0.4143,0.2975,0.5588,0.0382,0.0012,15.74,0,0,16,4.16,3,1.02
47840,성주군,군,경상북도,40374,616.1,65.5,0.428,0.2765,0.5553,0.0174,0.011,17.38,0,0,22,3.57,9,2.23
47850,칠곡군,군,경상북도,103539,452.2,228.9,0.2309,0.1586,0.4743,0.0,0.0156,16.46,0,0,7,1.55,19,1.84
47900,예천군,군,경상북도,53340,665.5,80.2,0.3542,0.2467,0.4662,0.0007,0.023,14.15,0,0,23,3.46,24,4.5
47920,봉화군,군,경상북도,28076,1204.1,23.3,0.4677,0.3003,0.5378,0.0,0.0708,22.61,0,0,33,2.74,4,1.42
47930,울진군,군,경상북도,45615,996.1,45.8,0.3434,0.2521,0.5405,0.008,0.046,21.34,1,0,28,2.81,13,2.85
47940,울릉군,군,경상북도,8324,75.5,110.3,0.323,0.2143,0.6388,0.0,0.0,21.51,1,0,6,7.95,8,9.61
48121,창원시의창구,구,경상남도,209814,209.0,1004.0,0.2084,0.1266,0.3983,0.0533,0.0067,11.33,0,0,3,1.44,88,4.19
48123,창원시성산구,구,경상남도,245097,85.4,2869.8,0.1542,0.0744,0.3569,0.0812,0.0,15.4,1,0,2,2.34,113,4.61
48125,창원시마산합포구,구,경상남도,174360,252.0,691.8,0.2844,0.19,0.4387,0.0463,0.012,17.35,1,0,2,0.79,85,4.87
48127,창원시마산회원구,구,경상남도,173916,91.6,1899.5,0.2605,0.1709,0.3952,0.0524,0.0048,20.47,0,0,1,1.09,103,5.92
48129,창원시진해구,구,경상남도,182750,123.6,1478.1,0.2061,0.1322,0.4007,0.03,0.0133,13.71,1,0,1,0.81,137,7.5
48170,진주시,시,경상남도,334360,714.4,468.0,0.2301,0.1539,0.4386,0.1223,0.0007,15.82,0,0,18,2.52,147,4.4
48220,통영시,시,경상남도,115867,260.5,444.8,0.2852,0.1961,0.464,0.0163,0.0088,11.71,1,0,21,8.06,110,9.49
48240,사천시,시,경상남도,107628,406.6,264.7,0.2792,0.1998,0.4826,0.0011,0.0045,13.97,1,0,40,9.84,38,3.53
48250,김해시,시,경상남도,532758,462.4,1152.0,0.1713,0.1142,0.3687,0.0964,0.0075,13.55,0,0,14,3.03,85,1.6
48270,밀양시,시,경상남도,97114,803.9,120.8,0.3764,0.2589,0.5042,0.1978,0.0155,18.94,0,0,22,2.74,29,2.99
48310,거제시,시,경상남도,225681,422.4,534.3,0.1739,0.1102,0.4012,0.0459,0.001,14.26,1,0,37,8.76,107,4.74
48330,양산시,시,경상남도,361264,488.9,739.0,0.1996,0.1325,0.3845,0.0264,0.0193,19.59,0,0,22,4.5,45,1.25
48720,의령군,군,경상남도,24516,483.5,50.7,0.4583,0.3393,0.5857,0.015,0.0,19.22,0,0,33,6.83,8,3.26
48730,함안군,군,경상남도,56737,416.8,136.1,0.3497,0.2517,0.4751,0.0035,0.014,15.06,0,0,24,5.76,14,2.47
48740,창녕군,군,경상남도,54321,528.9,102.7,0.4129,0.2916,0.546,0.2306,0.0056,14.88,0,0,36,6.81,17,3.13
48820,고성군,군,경상남도,46771,525.6,89.0,0.4061,0.284,0.5274,0.0,0.0107,16.35,1,0,13,2.47,18,3.85
48840,남해군,군,경상남도,41116,374.2,109.9,0.4427,0.2837,0.5089,0.0562,0.0024,14.74,1,0,26,6.95,14,3.41
48850,하동군,군,경상남도,39539,679.0,58.2,0.4499,0.3029,0.5467,0.0036,0.0138,19.12,1,0,30,4.42,10,2.53
48860,산청군,군,경상남도,32634,793.4,41.1,0.4625,0.3233,0.562,0.0139,0.0189,20.46,0,0,35,4.41,13,3.98
48870,함양군,군,경상남도,35121,722.9,48.6,0.424,0.2986,0.5354,0.0034,0.0763,20.5,0,0,28,3.87,11,3.13
48880,거창군,군,경상남도,58760,803.0,73.2,0.3469,0.2448,0.4917,0.0012,0.0626,19.73,0,0,12,1.49,22,3.74
48890,합천군,군,경상남도,38812,986.2,39.4,0.4888,0.346,0.5688,0.0297,0.0101,18.74,0,0,32,3.24,18,4.64
50110,제주시,시,제주특별자치도,476564,1004.1,474.6,0.1904,0.1248,0.4282,0.1283,0.0005,5.38,1,0,55,5.48,328,6.88
50130,서귀포시,시,제주특별자치도,178569,890.3,200.6,0.2507,0.1635,0.4598,0.0674,0.0,5.27,1,0,51,5.73,127,7.11
51110,춘천시,시,강원특별자치도,268920,1117.2,240.7,0.2348,0.1438,0.4391,0.0137,0.0206,20.85,0,0,23,2.06,93,3.46
51130,원주시,시,강원특별자치도,359851,875.5,411.0,0.2101,0.1343,0.433,0.0153,0.0125,18.53,0,0,14,1.6,99,2.75
51150,강릉시,시,강원특별자치도,205593,1045.2,196.7,0.2849,0.1856,0.4592,0.0052,0.0342,20.09,1,0,29,2.77,76,3.7
51170,동해시,시,강원특별자치도,85577,182.1,470.1,0.2747,0.1881,0.4476,0.0076,0.0152,19.05,1,0,17,9.34,49,5.73
51190,태백시,시,강원특별자치도,36755,303.5,121.1,0.3383,0.2453,0.5061,0.0,0.0214,24.21,0,0,17,5.6,39,10.61
51210,속초시,시,강원특별자치도,78976,107.2,737.0,0.2687,0.1859,0.4656,0.0288,0.0329,19.3,0,1,15,14.0,39,4.94
51230,삼척시,시,강원특별자치도,58714,1190.2,49.3,0.329,0.2198,0.5176,0.0308,0.0303,24.93,1,0,29,2.44,27,4.6
51720,홍천군,군,강원특별자치도,65810,1819.9,36.2,0.3719,0.2302,0.4761,0.0187,0.0147,22.36,0,0,29,1.59,19,2.89
51730,횡성군,군,강원특별자치도,45521,996.2,45.7,0.4066,0.2457,0.4729,0.0073,0.0073,20.09,0,0,25,2.51,18,3.95
51750,영월군,군,강원특별자치도,34244,1123.9,30.5,0.39,0.2633,0.5426,0.003,0.0111,24.63,0,0,31,2.76,48,14.02
51760,평창군,군,강원특별자치도,38149,1467.5,26.0,0.3827,0.2437,0.5111,0.0081,0.0084,22.84,0,0,28,1.91,24,6.29
51770,정선군,군,강원특별자치도,33618,1219.9,27.6,0.3671,0.2413,0.5506,0.0,0.0134,25.76,0,0,23,1.89,21,6.25
51780,철원군,군,강원특별자치도,36330,753.5,48.2,0.3091,0.2,0.4723,0.0082,0.0352,14.85,0,1,14,1.86,33,9.08
51790,화천군,군,강원특별자치도,22773,1052.8,21.6,0.307,0.2011,0.525,0.0009,0.0101,23.64,0,1,4,0.38,20,8.78
51800,양구군,군,강원특별자치도,20372,672.8,30.3,0.2903,0.1917,0.4909,0.0,0.0473,22.97,0,1,26,3.86,16,7.85
51810,인제군,군,강원특별자치도,30317,1640.6,18.5,0.2814,0.1791,0.5194,0.0252,0.0124,24.51,0,1,34,2.07,31,10.23
51820,고성군,군,강원특별자치도,27190,695.2,39.1,0.3601,0.2432,0.5439,0.0,0.0827,17.95,0,1,25,3.6,34,12.5
51830,양양군,군,강원특별자치도,27310,635.8,43.0,0.3788,0.2477,0.5106,0.0046,0.112,21.37,0,1,20,3.15,15,5.49
52111,전주시완산구,구,전북특별자치도,299538,92.5,3236.6,0.2203,0.1449,0.443,0.0318,0.05,13.07,0,0,5,5.4,109,3.64
52113,전주시덕진구,구,전북특별자치도,306845,113.0,2714.7,0.1882,0.1226,0.4248,0.0149,0.0187,6.63,0,0,9,7.96,97,3.16
52130,군산시,시,전북특별자치도,255537,384.5,664.5,0.2523,0.1725,0.4461,0.0412,0.0122,4.54,1,0,38,9.88,81,3.17
52140,익산시,시,전북특별자치도,266707,510.1,522.9,0.2641,0.1788,0.4583,0.0141,0.0038,4.91,0,0,21,4.12,96,3.6
52190,남원시,시,전북특별자치도,73744,751.2,98.2,0.3552,0.2493,0.5029,0.0129,0.126,15.72,0,0,50,6.66,36,4.88
52210,김제시,시,전북특별자치도,81665,511.7,159.6,0.3684,0.2642,0.5236,0.0,0.0187,5.01,1,0,24,4.69,15,1.84
52710,완주군,군,전북특별자치도,100378,823.7,121.9,0.2756,0.1797,0.4546,0.0103,0.0355,19.61,0,0,49,5.95,34,3.39
52720,진안군,군,전북특별자치도,24855,792.0,31.4,0.4259,0.284,0.5366,0.013,0.0441,21.13,0,0,31,3.91,14,5.63
52730,무주군,군,전북특별자치도,23412,631.2,37.1,0.4003,0.2763,0.5459,0.19,0.1226,22.44,0,0,16,2.54,10,4.27
52740,장수군,군,전북특별자치도,21180,532.4,39.8,0.4147,0.2767,0.5285,0.0045,0.2094,20.27,0,0,32,6.01,5,2.36
52750,임실군,군,전북특별자치도,25308,600.2,42.2,0.4428,0.3114,0.5588,0.0,0.0289,18.07,0,0,28,4.66,10,3.95
52770,순창군,군,전북특별자치도,27642,500.3,55.3,0.3928,0.2743,0.5136,0.0122,0.062,17.49,0,0,31,6.2,20,7.24
52790,고창군,군,전북특별자치도,50006,611.4,81.8,0.418,0.2935,0.5365,0.0185,0.008,9.24,1,0,31,5.07,19,3.8
52800,부안군,군,전북특별자치도,46926,488.4,96.1,0.411,0.2955,0.5572,0.0163,0.0048,8.77,1,0,21,4.3,9,1.92
